set;rep_image;k;MSE;PSNR_dB;SSIM
BOSSBASE;1.bmp;1;0.51919556;50.977494;0.99720700
BOSSBASE;1.bmp;2;2.07894897;44.952365;0.98899896
BOSSBASE;1.bmp;3;8.31988525;38.929630;0.95803641
MEDICAL;med_0.bmp;1;0.49671555;51.169726;0.99421229
MEDICAL;med_0.bmp;2;1.97431946;45.176629;0.97692282
MEDICAL;med_0.bmp;3;7.75183105;39.236761;0.90227865
OTHER;sat_12.bmp;1;0.50209045;51.122984;0.99499037
OTHER;sat_12.bmp;2;2.00955200;45.099811;0.98080183
OTHER;sat_12.bmp;3;7.98065186;39.110420;0.93061769
